handle;mark;element_type;shaft;face;width_mm;height_mm;area_m2;x;y;z;thickness_mm;address;physical_key;mark_method;mark_distance_mm
120B;ПП7;Панель облицовки шахты;ГП1;А;5700.0;1130.0;6.441;25298.679;70843.417;-110.0;;"ГП1, сторона А; 5/Е; Z -0.110…+1.020";9e0e9e111d23607dd89d4c45;inside;0.0
120C;ПП7.1;Панель облицовки шахты;ГП1;В;5700.0;1130.0;6.441;29348.679;70843.423;-110.0;;"ГП1, сторона В; 5/Е; Z -0.110…+1.020";a447d6d1b2a36b50cd2be14e;inside;0.0
1213;ПП8;Панель облицовки шахты;ГП1;А;5700.0;1130.0;6.441;25298.679;70843.417;1040.0;;"ГП1, сторона А; 5/Е; Z +1.040…+2.170";c8b6896c48b3771a884f38d5;inside;0.0
1214;ПП8;Панель облицовки шахты;ГП1;В;5700.0;1130.0;6.441;29348.679;70843.423;1040.0;;"ГП1, сторона В; 5/Е; Z +1.040…+2.170";dec381e4bd9b20d8db73bc71;inside;0.0
121A;ПП8;Панель облицовки шахты;ГП1;А;5700.0;1130.0;6.441;25298.679;70843.417;2190.0;;"ГП1, сторона А; 5/Е; Z +2.190…+3.320";c4b250070d7d93ebc5582edb;inside;0.0
121B;ПП8;Панель облицовки шахты;ГП1;В;5700.0;1130.0;6.441;29348.679;70843.423;2190.0;;"ГП1, сторона В; 5/Е; Z +2.190…+3.320";dc544bbf57ad1e765fc74101;inside;0.0
121D;ПП8;Панель облицовки шахты;ГП1;А;5700.0;1130.0;6.441;25298.679;70843.417;3340.0;;"ГП1, сторона А; 5/Е; Z +3.340…+4.470";e4493cd3f54f5d4e86596fc3;inside;0.0
121E;ПП8;Панель облицовки шахты;ГП1;В;5700.0;1130.0;6.441;29348.679;70843.423;3340.0;;"ГП1, сторона В; 5/Е; Z +3.340…+4.470";cfa2e6deabe8b712f092d2c5;inside;0.0
121F;ПП9;Панель облицовки шахты;ГП1;А;5700.0;1295.0;7.3815;25298.679;70843.417;4490.0;;"ГП1, сторона А; 5/Е; Z +4.490…+5.785";85ea9db697923c8c1d194c43;inside;0.0
1220;ПП10;Панель облицовки шахты;ГП1;В;5700.0;1295.0;7.3815;29348.679;70843.423;4490.0;;"ГП1, сторона В; 5/Е; Z +4.490…+5.785";293e7314f352b11ea5d08faa;inside;0.0
1221;ПП11.1н;Панель облицовки шахты;ГП1;Б;4050.0;1295.0;5.24475;27323.676;73693.42;4490.0;;"ГП1, сторона Б; 5/Ж; Z +4.490…+5.785";45252f19cb8e4003f6ef756d;inside;0.0
1222;ПП11.1;Панель облицовки шахты;ГП1;Г;4050.0;1295.0;5.24475;27323.682;67993.42;4490.0;;"ГП1, сторона Г; 5/Е; Z +4.490…+5.785";32dcd62019d008aaf0c036d8;inside;0.0
1223;ПП9;Панель облицовки шахты;ГП1;А;5700.0;1295.0;7.3815;25298.679;70843.417;5805.0;;"ГП1, сторона А; 5/Е; Z +5.805…+7.100";da5565b25196163150dbc835;inside;0.0
1224;ПП10;Панель облицовки шахты;ГП1;В;5700.0;1295.0;7.3815;29348.679;70843.423;5805.0;;"ГП1, сторона В; 5/Е; Z +5.805…+7.100";43598f2456e716c3128f29a6;inside;0.0
1225;ПП11н;Панель облицовки шахты;ГП1;Б;4050.0;1295.0;5.24475;27323.676;73693.42;5805.0;;"ГП1, сторона Б; 5/Ж; Z +5.805…+7.100";15dec459e9a7914fe3d79dd7;inside;0.0
1226;ПП11;Панель облицовки шахты;ГП1;Г;4050.0;1295.0;5.24475;27323.682;67993.42;5805.0;;"ГП1, сторона Г; 5/Е; Z +5.805…+7.100";2e3191d988fe9817892ed33a;inside;0.0
1227;ПП9;Панель облицовки шахты;ГП1;А;5700.0;1295.0;7.3815;25298.679;70843.417;7120.0;;"ГП1, сторона А; 5/Е; Z +7.120…+8.415";732f7120aa9aae1c783a514e;inside;0.0
1228;ПП10;Панель облицовки шахты;ГП1;В;5700.0;1295.0;7.3815;29348.679;70843.423;7120.0;;"ГП1, сторона В; 5/Е; Z +7.120…+8.415";edfc309129fe6bb9ee1886e4;inside;0.0
1229;ПП11н;Панель облицовки шахты;ГП1;Б;4050.0;1295.0;5.24475;27323.676;73693.42;7120.0;;"ГП1, сторона Б; 5/Ж; Z +7.120…+8.415";2bc8136ac8a85d4ebe46bb5b;inside;0.0
122A;ПП11;Панель облицовки шахты;ГП1;Г;4050.0;1295.0;5.24475;27323.682;67993.42;7120.0;;"ГП1, сторона Г; 5/Е; Z +7.120…+8.415";02269a22188dfd3eb82af7ca;inside;0.0
122B;ПП9;Панель облицовки шахты;ГП1;А;5700.0;1295.0;7.3815;25298.679;70843.417;8435.0;;"ГП1, сторона А; 5/Е; Z +8.435…+9.730";402a04c3325d2afb3227901b;inside;0.0
122C;ПП10;Панель облицовки шахты;ГП1;В;5700.0;1295.0;7.3815;29348.679;70843.423;8435.0;;"ГП1, сторона В; 5/Е; Z +8.435…+9.730";70f8d88a7c1b8991ba9e0d07;inside;0.0
122D;ПП11н;Панель облицовки шахты;ГП1;Б;4050.0;1295.0;5.24475;27323.676;73693.42;8435.0;;"ГП1, сторона Б; 5/Ж; Z +8.435…+9.730";0f6a2ffa71db2597b9333a76;inside;0.0
122E;ПП11;Панель облицовки шахты;ГП1;Г;4050.0;1295.0;5.24475;27323.682;67993.42;8435.0;;"ГП1, сторона Г; 5/Е; Z +8.435…+9.730";4e0b564f5c066c360aa74e27;inside;0.0
122F;ПП9;Панель облицовки шахты;ГП1;А;5700.0;1295.0;7.3815;25298.679;70843.417;9750.0;;"ГП1, сторона А; 5/Е; Z +9.750…+11.045";b37e77a8e82932e30f9701c2;inside;0.0
1230;ПП10;Панель облицовки шахты;ГП1;В;5700.0;1295.0;7.3815;29348.679;70843.423;9750.0;;"ГП1, сторона В; 5/Е; Z +9.750…+11.045";8dec9d3a050cf5d1630b36a3;inside;0.0
1231;ПП11н;Панель облицовки шахты;ГП1;Б;4050.0;1295.0;5.24475;27323.676;73693.42;9750.0;;"ГП1, сторона Б; 5/Ж; Z +9.750…+11.045";e62824587bc881af99e16df7;inside;0.0
1232;ПП11;Панель облицовки шахты;ГП1;Г;4050.0;1295.0;5.24475;27323.682;67993.42;9750.0;;"ГП1, сторона Г; 5/Е; Z +9.750…+11.045";33b0082a0949f9cf10d8177a;inside;0.0
1233;ПП9;Панель облицовки шахты;ГП1;А;5700.0;1295.0;7.3815;25298.679;70843.417;11065.0;;"ГП1, сторона А; 5/Е; Z +11.065…+12.360";84d1ba79a64ede89660471b1;inside;0.0
1234;ПП10;Панель облицовки шахты;ГП1;В;5700.0;1295.0;7.3815;29348.679;70843.423;11065.0;;"ГП1, сторона В; 5/Е; Z +11.065…+12.360";1e55ef121ff94b250086938a;inside;0.0
1235;ПП11н;Панель облицовки шахты;ГП1;Б;4050.0;1295.0;5.24475;27323.676;73693.42;11065.0;;"ГП1, сторона Б; 5/Ж; Z +11.065…+12.360";3aecdb5f42bafad1fc6d0cd6;inside;0.0
1236;ПП11;Панель облицовки шахты;ГП1;Г;4050.0;1295.0;5.24475;27323.682;67993.42;11065.0;;"ГП1, сторона Г; 5/Е; Z +11.065…+12.360";89361fb3619a2ac40caa4d7f;inside;0.0
1237;ПП9;Панель облицовки шахты;ГП1;А;5700.0;1295.0;7.3815;25298.679;70843.417;12380.0;;"ГП1, сторона А; 5/Е; Z +12.380…+13.675";53dd9cba55847ace718ab308;inside;0.0
1238;ПП10;Панель облицовки шахты;ГП1;В;5700.0;1295.0;7.3815;29348.679;70843.423;12380.0;;"ГП1, сторона В; 5/Е; Z +12.380…+13.675";cd363d1f9436401b1cd8429a;inside;0.0
1239;ПП11н;Панель облицовки шахты;ГП1;Б;4050.0;1295.0;5.24475;27323.676;73693.42;12380.0;;"ГП1, сторона Б; 5/Ж; Z +12.380…+13.675";b2745cfb0115fa95e896e018;inside;0.0
123A;ПП11;Панель облицовки шахты;ГП1;Г;4050.0;1295.0;5.24475;27323.682;67993.42;12380.0;;"ГП1, сторона Г; 5/Е; Z +12.380…+13.675";5006493d33f6552795694ec9;inside;0.0
123B;ПП9;Панель облицовки шахты;ГП1;А;5700.0;1295.0;7.3815;25298.679;70843.417;13695.0;;"ГП1, сторона А; 5/Е; Z +13.695…+14.990";4a4def76a05b61990655f95b;inside;0.0
123C;ПП10;Панель облицовки шахты;ГП1;В;5700.0;1295.0;7.3815;29348.679;70843.423;13695.0;;"ГП1, сторона В; 5/Е; Z +13.695…+14.990";801a486fd845c55316e5ed91;inside;0.0
123D;ПП11.2н;Панель облицовки шахты;ГП1;Б;4050.0;1295.0;5.24475;27323.676;73693.42;13695.0;;"ГП1, сторона Б; 5/Ж; Z +13.695…+14.990";7301063dee7f351eb5bab07c;inside;0.0
123E;ПП11.2;Панель облицовки шахты;ГП1;Г;4050.0;1295.0;5.24475;27323.682;67993.42;13695.0;;"ГП1, сторона Г; 5/Е; Z +13.695…+14.990";94aff22fe5dbc42b4ee662cc;inside;0.0
123F;ПП12;Панель облицовки шахты;ГП1;А;5700.0;1025.0;5.8425;25298.679;70843.417;15010.0;;"ГП1, сторона А; 5/Е; Z +15.010…+16.035";c8ed54d70f648e23059f767f;inside;0.0
1240;ПП12;Панель облицовки шахты;ГП1;В;5700.0;1025.0;5.8425;29348.679;70843.423;15010.0;;"ГП1, сторона В; 5/Е; Z +15.010…+16.035";f5cf6087b806682d6a4294a6;inside;0.0
1241;ПП12;Панель облицовки шахты;ГП1;А;5700.0;1025.0;5.8425;25298.679;70843.417;16055.0;;"ГП1, сторона А; 5/Е; Z +16.055…+17.080";eb8672885f6b14477417fa1a;inside;0.0
1242;ПП12;Панель облицовки шахты;ГП1;В;5700.0;1025.0;5.8425;29348.679;70843.423;16055.0;;"ГП1, сторона В; 5/Е; Z +16.055…+17.080";42bf3758616a28e1e83cba21;inside;0.0
1247;ПП12;Панель облицовки шахты;ГП1;А;5700.0;1025.0;5.8425;25298.679;70843.417;17100.0;;"ГП1, сторона А; 5/Е; Z +17.100…+18.125";caeb31b0425df3e53d749e3d;inside;0.0
1248;ПП12;Панель облицовки шахты;ГП1;В;5700.0;1025.0;5.8425;29348.679;70843.423;17100.0;;"ГП1, сторона В; 5/Е; Z +17.100…+18.125";c75e8b83078d475638a9e446;inside;0.0
1249;ПП12;Панель облицовки шахты;ГП1;А;5700.0;1025.0;5.8425;25298.679;70843.417;18145.0;;"ГП1, сторона А; 5/Е; Z +18.145…+19.170";ff8224db1b9fee4d6525363b;inside;0.0
124A;ПП12;Панель облицовки шахты;ГП1;В;5700.0;1025.0;5.8425;29348.679;70843.423;18145.0;;"ГП1, сторона В; 5/Е; Z +18.145…+19.170";d120493b96fa76847961bcb5;inside;0.0
124B;ПП13;Панель облицовки шахты;ГП1;А;5700.0;1300.0;7.41;25298.679;70843.417;19190.0;;"ГП1, сторона А; 5/Е; Z +19.190…+20.490";566d5d3bf244c9737c05ea1f;inside;0.0
124C;ПП14;Панель облицовки шахты;ГП1;В;5700.0;1300.0;7.41;29348.679;70843.423;19190.0;;"ГП1, сторона В; 5/Е; Z +19.190…+20.490";6f090d0390751e51ea55616a;inside;0.0
124D;ПП15.1н;Панель облицовки шахты;ГП1;Б;4050.0;1300.0;5.265;27323.676;73693.42;19190.0;;"ГП1, сторона Б; 5/Ж; Z +19.190…+20.490";47a92d67725945fd2e682d58;inside;0.0
124E;ПП15.1;Панель облицовки шахты;ГП1;Г;4050.0;1300.0;5.265;27323.682;67993.42;19190.0;;"ГП1, сторона Г; 5/Е; Z +19.190…+20.490";ed061a1c0e6ba847e112c78c;inside;0.0
124F;ПП13;Панель облицовки шахты;ГП1;А;5700.0;1300.0;7.41;25298.679;70843.417;20510.0;;"ГП1, сторона А; 5/Е; Z +20.510…+21.810";92f2f7dace245180c47df11a;inside;0.0
1250;ПП14;Панель облицовки шахты;ГП1;В;5700.0;1300.0;7.41;29348.679;70843.423;20510.0;;"ГП1, сторона В; 5/Е; Z +20.510…+21.810";791a77c51f6a103b42172bcb;inside;0.0
1251;ПП15н;Панель облицовки шахты;ГП1;Б;4050.0;1300.0;5.265;27323.676;73693.42;20510.0;;"ГП1, сторона Б; 5/Ж; Z +20.510…+21.810";91c2ff0ded6c1dd7915ab8c2;inside;0.0
1252;ПП15;Панель облицовки шахты;ГП1;Г;4050.0;1300.0;5.265;27323.682;67993.42;20510.0;;"ГП1, сторона Г; 5/Е; Z +20.510…+21.810";cd394b0a4126ab2507a898af;inside;0.0
1253;ПП13;Панель облицовки шахты;ГП1;А;5700.0;1300.0;7.41;25298.679;70843.417;21830.0;;"ГП1, сторона А; 5/Е; Z +21.830…+23.130";ad84bb54335e2d842047c918;inside;0.0
1254;ПП14;Панель облицовки шахты;ГП1;В;5700.0;1300.0;7.41;29348.679;70843.423;21830.0;;"ГП1, сторона В; 5/Е; Z +21.830…+23.130";81f7ae3d18c991faa820f083;inside;0.0
1255;ПП15н;Панель облицовки шахты;ГП1;Б;4050.0;1300.0;5.265;27323.676;73693.42;21830.0;;"ГП1, сторона Б; 5/Ж; Z +21.830…+23.130";8aa8689ed44a33a0720a68b7;inside;0.0
1256;ПП15;Панель облицовки шахты;ГП1;Г;4050.0;1300.0;5.265;27323.682;67993.42;21830.0;;"ГП1, сторона Г; 5/Е; Z +21.830…+23.130";7671f4156cb47504d84ef217;inside;0.0
1257;ПП13;Панель облицовки шахты;ГП1;А;5700.0;1300.0;7.41;25298.679;70843.417;23150.0;;"ГП1, сторона А; 5/Е; Z +23.150…+24.450";5731c320322ab8f456621fca;inside;0.0
1258;ПП14;Панель облицовки шахты;ГП1;В;5700.0;1300.0;7.41;29348.679;70843.423;23150.0;;"ГП1, сторона В; 5/Е; Z +23.150…+24.450";018c98b4cf94e886437a6a62;inside;0.0
1259;ПП15н;Панель облицовки шахты;ГП1;Б;4050.0;1300.0;5.265;27323.676;73693.42;23150.0;;"ГП1, сторона Б; 5/Ж; Z +23.150…+24.450";52328ce395e679c27b3898ec;inside;0.0
125A;ПП15;Панель облицовки шахты;ГП1;Г;4050.0;1300.0;5.265;27323.682;67993.42;23150.0;;"ГП1, сторона Г; 5/Е; Z +23.150…+24.450";ffd14e1b5202ea62fa2b21bd;inside;0.0
125B;ПП13;Панель облицовки шахты;ГП1;А;5700.0;1300.0;7.41;25298.679;70843.417;24470.0;;"ГП1, сторона А; 5/Е; Z +24.470…+25.770";969bf52ff468279b50a11631;inside;0.0
125C;ПП14;Панель облицовки шахты;ГП1;В;5700.0;1300.0;7.41;29348.679;70843.423;24470.0;;"ГП1, сторона В; 5/Е; Z +24.470…+25.770";4a064d90fdf8d20d084dc6da;inside;0.0
125D;ПП15.2н;Панель облицовки шахты;ГП1;Б;4050.0;1300.0;5.265;27323.676;73693.42;24470.0;;"ГП1, сторона Б; 5/Ж; Z +24.470…+25.770";3b276df7fd20e2d045b67642;inside;0.0
125E;ПП15.2;Панель облицовки шахты;ГП1;Г;4050.0;1300.0;5.265;27323.682;67993.42;24470.0;;"ГП1, сторона Г; 5/Е; Z +24.470…+25.770";a951e84216928b62e233ce4e;inside;0.0
125F;ПП16;Панель облицовки шахты;ГП1;А;5700.0;1045.0;5.9565;25298.679;70843.417;25790.0;;"ГП1, сторона А; 5/Е; Z +25.790…+26.835";b523c0b923f51f67818336cc;inside;0.0
1260;ПП16;Панель облицовки шахты;ГП1;В;5700.0;1045.0;5.9565;29348.679;70843.423;25790.0;;"ГП1, сторона В; 5/Е; Z +25.790…+26.835";3d134291fdd7d92d31ec4eac;inside;0.0
1261;ПП12;Панель облицовки шахты;ГП1;А;5700.0;1025.0;5.8425;25298.679;70843.417;26855.0;;"ГП1, сторона А; 5/Е; Z +26.855…+27.880";49fc132e43f7ac18f0a61bbc;inside;0.0
1262;ПП12;Панель облицовки шахты;ГП1;В;5700.0;1025.0;5.8425;29348.679;70843.423;26855.0;;"ГП1, сторона В; 5/Е; Z +26.855…+27.880";da84551718861eccef6ac73a;inside;0.0
1267;ПП12;Панель облицовки шахты;ГП1;А;5700.0;1025.0;5.8425;25298.679;70843.417;27900.0;;"ГП1, сторона А; 5/Е; Z +27.900…+28.925";78baff0d22060672be5f6abd;inside;0.0
1268;ПП12;Панель облицовки шахты;ГП1;В;5700.0;1025.0;5.8425;29348.679;70843.423;27900.0;;"ГП1, сторона В; 5/Е; Z +27.900…+28.925";2ddbcf292a73fc9677e000cc;inside;0.0
1269;ПП12;Панель облицовки шахты;ГП1;А;5700.0;1025.0;5.8425;25298.679;70843.417;28945.0;;"ГП1, сторона А; 5/Е; Z +28.945…+29.970";5f70024bbae126c3491e9c2b;inside;0.0
126A;ПП12;Панель облицовки шахты;ГП1;В;5700.0;1025.0;5.8425;29348.679;70843.423;28945.0;;"ГП1, сторона В; 5/Е; Z +28.945…+29.970";a3ea3a5ee5301cfb24a331e1;inside;0.0
126B;ПП13;Панель облицовки шахты;ГП1;А;5700.0;1300.0;7.41;25298.679;70843.417;29990.0;;"ГП1, сторона А; 5/Е; Z +29.990…+31.290";35d4ccfa3d7854fe10f3a905;inside;0.0
126C;ПП14;Панель облицовки шахты;ГП1;В;5700.0;1300.0;7.41;29348.679;70843.423;29990.0;;"ГП1, сторона В; 5/Е; Z +29.990…+31.290";52ad918a21301ce59f3727e4;inside;0.0
126D;ПП15.1н;Панель облицовки шахты;ГП1;Б;4050.0;1300.0;5.265;27323.676;73693.42;29990.0;;"ГП1, сторона Б; 5/Ж; Z +29.990…+31.290";f2ec5669e2ba9e0c3357ac63;inside;0.0
126E;ПП15.1;Панель облицовки шахты;ГП1;Г;4050.0;1300.0;5.265;27323.682;67993.42;29990.0;;"ГП1, сторона Г; 5/Е; Z +29.990…+31.290";6d7c02167717584f9d187e1f;inside;0.0
12C4;ПП7.1;Панель облицовки шахты;ГП2;Д;5700.0;1130.0;6.441;29648.679;70843.425;-110.0;;"ГП2, сторона Д; 7/Е; Z -0.110…+1.020";c9940cda5fa22385ccab4843;inside;0.0
12C7;ПП8;Панель облицовки шахты;ГП2;Д;5700.0;1130.0;6.441;29648.679;70843.425;1040.0;;"ГП2, сторона Д; 7/Е; Z +1.040…+2.170";ac4e6d675d208bf4e9421088;inside;0.0
12C9;ПП8;Панель облицовки шахты;ГП2;Д;5700.0;1130.0;6.441;29648.679;70843.425;2190.0;;"ГП2, сторона Д; 7/Е; Z +2.190…+3.320";42e80c98c367f65f8d847367;inside;0.0
12CA;ПП8;Панель облицовки шахты;ГП2;Д;5700.0;1130.0;6.441;29648.679;70843.425;3340.0;;"ГП2, сторона Д; 7/Е; Z +3.340…+4.470";d453b5791839fc6f966d0052;inside;0.0
12CB;ПП10;Панель облицовки шахты;ГП2;Д;5700.0;1295.0;7.3815;29648.679;70843.425;4490.0;;"ГП2, сторона Д; 7/Е; Z +4.490…+5.785";d7de0a27185a6d6b8df13fa5;inside;0.0
12CC;ПП10;Панель облицовки шахты;ГП2;Д;5700.0;1295.0;7.3815;29648.679;70843.425;5805.0;;"ГП2, сторона Д; 7/Е; Z +5.805…+7.100";08b485aecb09e1a9272edd27;inside;0.0
12CD;ПП10;Панель облицовки шахты;ГП2;Д;5700.0;1295.0;7.3815;29648.679;70843.425;7120.0;;"ГП2, сторона Д; 7/Е; Z +7.120…+8.415";5af2afcaf856735e562c501f;inside;0.0
12CE;ПП10;Панель облицовки шахты;ГП2;Д;5700.0;1295.0;7.3815;29648.679;70843.425;8435.0;;"ГП2, сторона Д; 7/Е; Z +8.435…+9.730";f341d8f87a2a6c8ecdcbf2de;inside;0.0
12CF;ПП10;Панель облицовки шахты;ГП2;Д;5700.0;1295.0;7.3815;29648.679;70843.425;9750.0;;"ГП2, сторона Д; 7/Е; Z +9.750…+11.045";2886bb4bc884bf09c5953c5f;inside;0.0
12D0;ПП10;Панель облицовки шахты;ГП2;Д;5700.0;1295.0;7.3815;29648.679;70843.425;11065.0;;"ГП2, сторона Д; 7/Е; Z +11.065…+12.360";deb625a249ddcf3f8ac0db71;inside;0.0
12D1;ПП10;Панель облицовки шахты;ГП2;Д;5700.0;1295.0;7.3815;29648.679;70843.425;12380.0;;"ГП2, сторона Д; 7/Е; Z +12.380…+13.675";0a80fc862aea0a2669cca505;inside;0.0
12D2;ПП10;Панель облицовки шахты;ГП2;Д;5700.0;1295.0;7.3815;29648.679;70843.425;13695.0;;"ГП2, сторона Д; 7/Е; Z +13.695…+14.990";f28942df582d13bd8bad0b88;inside;0.0
12D3;ПП12;Панель облицовки шахты;ГП2;Д;5700.0;1025.0;5.8425;29648.679;70843.425;15010.0;;"ГП2, сторона Д; 7/Е; Z +15.010…+16.035";0dd60affc0800f4f9c2445be;inside;0.0
12D4;ПП12;Панель облицовки шахты;ГП2;Д;5700.0;1025.0;5.8425;29648.679;70843.425;16055.0;;"ГП2, сторона Д; 7/Е; Z +16.055…+17.080";1a1ca9b1d6b9233c0f33aaa8;inside;0.0
12D5;ПП12;Панель облицовки шахты;ГП2;Д;5700.0;1025.0;5.8425;29648.679;70843.425;17100.0;;"ГП2, сторона Д; 7/Е; Z +17.100…+18.125";57f38db90bc7899dcb774316;inside;0.0
12D6;ПП12;Панель облицовки шахты;ГП2;Д;5700.0;1025.0;5.8425;29648.679;70843.425;18145.0;;"ГП2, сторона Д; 7/Е; Z +18.145…+19.170";65a2a72285314e667ff625d4;inside;0.0
12D7;ПП14;Панель облицовки шахты;ГП2;Д;5700.0;1300.0;7.41;29648.679;70843.425;19190.0;;"ГП2, сторона Д; 7/Е; Z +19.190…+20.490";e0f44d8c6b6fc28c6992f883;inside;0.0
12D8;ПП14;Панель облицовки шахты;ГП2;Д;5700.0;1300.0;7.41;29648.679;70843.425;20510.0;;"ГП2, сторона Д; 7/Е; Z +20.510…+21.810";cf0a2ef668b8919c0e1bc1ea;inside;0.0
12D9;ПП14;Панель облицовки шахты;ГП2;Д;5700.0;1300.0;7.41;29648.679;70843.425;21830.0;;"ГП2, сторона Д; 7/Е; Z +21.830…+23.130";e8382ca76ad9cadecc093ef2;inside;0.0
12DA;ПП14;Панель облицовки шахты;ГП2;Д;5700.0;1300.0;7.41;29648.679;70843.425;23150.0;;"ГП2, сторона Д; 7/Е; Z +23.150…+24.450";a22a5685f8937ed7bb3acf84;inside;0.0
12DB;ПП14;Панель облицовки шахты;ГП2;Д;5700.0;1300.0;7.41;29648.679;70843.425;24470.0;;"ГП2, сторона Д; 7/Е; Z +24.470…+25.770";46a30a9963e4bf9e41e385b4;inside;0.0
12DC;ПП16;Панель облицовки шахты;ГП2;Д;5700.0;1045.0;5.9565;29648.679;70843.425;25790.0;;"ГП2, сторона Д; 7/Е; Z +25.790…+26.835";1df1984b788ce5fe378b81f7;inside;0.0
12DD;ПП12;Панель облицовки шахты;ГП2;Д;5700.0;1025.0;5.8425;29648.679;70843.425;26855.0;;"ГП2, сторона Д; 7/Е; Z +26.855…+27.880";06e5210cc233df4ee48b1e9e;inside;0.0
12DE;ПП12;Панель облицовки шахты;ГП2;Д;5700.0;1025.0;5.8425;29648.679;70843.425;27900.0;;"ГП2, сторона Д; 7/Е; Z +27.900…+28.925";fa78d21549645bc4f1219afe;inside;0.0
12DF;ПП12;Панель облицовки шахты;ГП2;Д;5700.0;1025.0;5.8425;29648.679;70843.425;28945.0;;"ГП2, сторона Д; 7/Е; Z +28.945…+29.970";b7ea9b3ca8217e43f6923440;inside;0.0
12E0;ПП14;Панель облицовки шахты;ГП2;Д;5700.0;1300.0;7.41;29648.679;70843.425;29990.0;;"ГП2, сторона Д; 7/Е; Z +29.990…+31.290";9a60021313cf7255b7e6b16a;inside;0.0
12E5;ПП11.1;Панель облицовки шахты;ГП2;Е;4050.0;1295.0;5.24475;31673.684;73693.42;4490.0;;"ГП2, сторона Е; 7/Ж; Z +4.490…+5.785";03e54d5beeac0256eec2b8af;inside;0.0
12E6;ПП11;Панель облицовки шахты;ГП2;Е;4050.0;1295.0;5.24475;31673.684;73693.42;5805.0;;"ГП2, сторона Е; 7/Ж; Z +5.805…+7.100";1d98a66a44a3002e7a622b34;inside;0.0
12E7;ПП11;Панель облицовки шахты;ГП2;Е;4050.0;1295.0;5.24475;31673.684;73693.42;7120.0;;"ГП2, сторона Е; 7/Ж; Z +7.120…+8.415";bf7cd11ccc68024b4daa5d83;inside;0.0
12E8;ПП11;Панель облицовки шахты;ГП2;Е;4050.0;1295.0;5.24475;31673.684;73693.42;8435.0;;"ГП2, сторона Е; 7/Ж; Z +8.435…+9.730";6b88563ca6b9f8d40513e0ab;inside;0.0
12E9;ПП11;Панель облицовки шахты;ГП2;Е;4050.0;1295.0;5.24475;31673.684;73693.42;9750.0;;"ГП2, сторона Е; 7/Ж; Z +9.750…+11.045";7d1988e34da3d977b39aa1f0;inside;0.0
12EA;ПП11;Панель облицовки шахты;ГП2;Е;4050.0;1295.0;5.24475;31673.684;73693.42;11065.0;;"ГП2, сторона Е; 7/Ж; Z +11.065…+12.360";6ccf637aaceef92970f6d925;inside;0.0
12EB;ПП11;Панель облицовки шахты;ГП2;Е;4050.0;1295.0;5.24475;31673.684;73693.42;12380.0;;"ГП2, сторона Е; 7/Ж; Z +12.380…+13.675";c4bec835789de8e35ef7ab89;inside;0.0
12EC;ПП11.2;Панель облицовки шахты;ГП2;Е;4050.0;1295.0;5.24475;31673.684;73693.42;13695.0;;"ГП2, сторона Е; 7/Ж; Z +13.695…+14.990";3be960e87071806697b593d1;inside;0.0
12EF;ПП15.1;Панель облицовки шахты;ГП2;Е;4050.0;1300.0;5.265;31673.684;73693.42;19190.0;;"ГП2, сторона Е; 7/Ж; Z +19.190…+20.490";22df552bd60d3dc127a4b3f2;inside;0.0
12F0;ПП15;Панель облицовки шахты;ГП2;Е;4050.0;1300.0;5.265;31673.684;73693.42;20510.0;;"ГП2, сторона Е; 7/Ж; Z +20.510…+21.810";92977353493676097d11aece;inside;0.0
12F1;ПП15;Панель облицовки шахты;ГП2;Е;4050.0;1300.0;5.265;31673.684;73693.42;21830.0;;"ГП2, сторона Е; 7/Ж; Z +21.830…+23.130";5d7b57bfec64a7de24b642a8;inside;0.0
12F2;ПП15;Панель облицовки шахты;ГП2;Е;4050.0;1300.0;5.265;31673.684;73693.42;23150.0;;"ГП2, сторона Е; 7/Ж; Z +23.150…+24.450";ec1709e702701f18ff9e47cb;inside;0.0
12F3;ПП15.2;Панель облицовки шахты;ГП2;Е;4050.0;1300.0;5.265;31673.684;73693.42;24470.0;;"ГП2, сторона Е; 7/Ж; Z +24.470…+25.770";1d891f614162cc41beec48a2;inside;0.0
12F6;ПП15.1;Панель облицовки шахты;ГП2;Е;4050.0;1300.0;5.265;31673.684;73693.42;29990.0;;"ГП2, сторона Е; 7/Ж; Z +29.990…+31.290";c518500650e91ee79e4a5c1d;inside;0.0
12FF;ПП7;Панель облицовки шахты;ГП2;Ж;5700.0;1130.0;6.441;33698.679;70843.415;-110.0;;"ГП2, сторона Ж; 7/Е; Z -0.110…+1.020";bc57071c9fb1b7cbe424ba9b;inside;0.0
1302;ПП8;Панель облицовки шахты;ГП2;Ж;5700.0;1130.0;6.441;33698.679;70843.415;1040.0;;"ГП2, сторона Ж; 7/Е; Z +1.040…+2.170";47b815ebb9087390b6defb80;inside;0.0
1304;ПП8;Панель облицовки шахты;ГП2;Ж;5700.0;1130.0;6.441;33698.679;70843.415;2190.0;;"ГП2, сторона Ж; 7/Е; Z +2.190…+3.320";897b5aed3e94bf8698a8e58b;inside;0.0
1305;ПП8;Панель облицовки шахты;ГП2;Ж;5700.0;1130.0;6.441;33698.679;70843.415;3340.0;;"ГП2, сторона Ж; 7/Е; Z +3.340…+4.470";bd8807cdf72da7cc6728b2f8;inside;0.0
1306;ПП9;Панель облицовки шахты;ГП2;Ж;5700.0;1295.0;7.3815;33698.679;70843.415;4490.0;;"ГП2, сторона Ж; 7/Е; Z +4.490…+5.785";d54b0ed7d2bff2d290a6c912;inside;0.0
1307;ПП9;Панель облицовки шахты;ГП2;Ж;5700.0;1295.0;7.3815;33698.679;70843.415;5805.0;;"ГП2, сторона Ж; 7/Е; Z +5.805…+7.100";48c4a3141f7120746bce7493;inside;0.0
1308;ПП9;Панель облицовки шахты;ГП2;Ж;5700.0;1295.0;7.3815;33698.679;70843.415;7120.0;;"ГП2, сторона Ж; 7/Е; Z +7.120…+8.415";ee96e0f799224e6bebed8643;inside;0.0
1309;ПП9;Панель облицовки шахты;ГП2;Ж;5700.0;1295.0;7.3815;33698.679;70843.415;8435.0;;"ГП2, сторона Ж; 7/Е; Z +8.435…+9.730";f0d348377e0408b934e6f6af;inside;0.0
130A;ПП9;Панель облицовки шахты;ГП2;Ж;5700.0;1295.0;7.3815;33698.679;70843.415;9750.0;;"ГП2, сторона Ж; 7/Е; Z +9.750…+11.045";6c54c76ff6a3aeacb8bc8ebb;inside;0.0
130B;ПП9;Панель облицовки шахты;ГП2;Ж;5700.0;1295.0;7.3815;33698.679;70843.415;11065.0;;"ГП2, сторона Ж; 7/Е; Z +11.065…+12.360";39da6cc6b798c77983578aed;inside;0.0
130C;ПП9;Панель облицовки шахты;ГП2;Ж;5700.0;1295.0;7.3815;33698.679;70843.415;12380.0;;"ГП2, сторона Ж; 7/Е; Z +12.380…+13.675";e7dd7d3764ab801a5fafbba5;inside;0.0
130D;ПП9;Панель облицовки шахты;ГП2;Ж;5700.0;1295.0;7.3815;33698.679;70843.415;13695.0;;"ГП2, сторона Ж; 7/Е; Z +13.695…+14.990";cc2f5f1563155c830da27eb0;inside;0.0
130E;ПП12;Панель облицовки шахты;ГП2;Ж;5700.0;1025.0;5.8425;33698.679;70843.415;15010.0;;"ГП2, сторона Ж; 7/Е; Z +15.010…+16.035";b23a35700dbe69696fc2e9e0;inside;0.0
130F;ПП12;Панель облицовки шахты;ГП2;Ж;5700.0;1025.0;5.8425;33698.679;70843.415;16055.0;;"ГП2, сторона Ж; 7/Е; Z +16.055…+17.080";7670cca39ee2210f22991bd7;inside;0.0
1310;ПП12;Панель облицовки шахты;ГП2;Ж;5700.0;1025.0;5.8425;33698.679;70843.415;17100.0;;"ГП2, сторона Ж; 7/Е; Z +17.100…+18.125";5a74a66c2c42ac29ed271359;inside;0.0
1311;ПП12;Панель облицовки шахты;ГП2;Ж;5700.0;1025.0;5.8425;33698.679;70843.415;18145.0;;"ГП2, сторона Ж; 7/Е; Z +18.145…+19.170";96f22fc4c7a45a56528c407c;inside;0.0
1312;ПП13;Панель облицовки шахты;ГП2;Ж;5700.0;1300.0;7.41;33698.679;70843.415;19190.0;;"ГП2, сторона Ж; 7/Е; Z +19.190…+20.490";6573b8633006050c0086ed44;inside;0.0
1313;ПП13;Панель облицовки шахты;ГП2;Ж;5700.0;1300.0;7.41;33698.679;70843.415;20510.0;;"ГП2, сторона Ж; 7/Е; Z +20.510…+21.810";f598430f8d1daf0cd5301118;inside;0.0
1314;ПП13;Панель облицовки шахты;ГП2;Ж;5700.0;1300.0;7.41;33698.679;70843.415;21830.0;;"ГП2, сторона Ж; 7/Е; Z +21.830…+23.130";db12766bbfde832bae801d00;inside;0.0
1315;ПП13;Панель облицовки шахты;ГП2;Ж;5700.0;1300.0;7.41;33698.679;70843.415;23150.0;;"ГП2, сторона Ж; 7/Е; Z +23.150…+24.450";c09ebed0adab15e2d059eef3;inside;0.0
1316;ПП13;Панель облицовки шахты;ГП2;Ж;5700.0;1300.0;7.41;33698.679;70843.415;24470.0;;"ГП2, сторона Ж; 7/Е; Z +24.470…+25.770";a1c6f971f7b461eec00db219;inside;0.0
1317;ПП16;Панель облицовки шахты;ГП2;Ж;5700.0;1045.0;5.9565;33698.679;70843.415;25790.0;;"ГП2, сторона Ж; 7/Е; Z +25.790…+26.835";3f1e703a5edb08604d5939f5;inside;0.0
1318;ПП12;Панель облицовки шахты;ГП2;Ж;5700.0;1025.0;5.8425;33698.679;70843.415;26855.0;;"ГП2, сторона Ж; 7/Е; Z +26.855…+27.880";86b5c43bd2001acaaab6f5fc;inside;0.0
1319;ПП12;Панель облицовки шахты;ГП2;Ж;5700.0;1025.0;5.8425;33698.679;70843.415;27900.0;;"ГП2, сторона Ж; 7/Е; Z +27.900…+28.925";931ceb3df6fcb0f59c515eb1;inside;0.0
131A;ПП12;Панель облицовки шахты;ГП2;Ж;5700.0;1025.0;5.8425;33698.679;70843.415;28945.0;;"ГП2, сторона Ж; 7/Е; Z +28.945…+29.970";6e565a9575dcd9490d0c515b;inside;0.0
131B;ПП13;Панель облицовки шахты;ГП2;Ж;5700.0;1300.0;7.41;33698.679;70843.415;29990.0;;"ГП2, сторона Ж; 7/Е; Z +29.990…+31.290";9381237043bafe87c83449ef;inside;0.0
1320;ПП11.1н;Панель облицовки шахты;ГП2;И;4050.0;1295.0;5.24475;31673.674;67993.42;4490.0;;"ГП2, сторона И; 7/Е; Z +4.490…+5.785";b819dadf4142b45848452917;inside;0.0
1321;ПП11н;Панель облицовки шахты;ГП2;И;4050.0;1295.0;5.24475;31673.674;67993.42;5805.0;;"ГП2, сторона И; 7/Е; Z +5.805…+7.100";5b6365840c8bec99d0c42c7e;inside;0.0
1322;ПП11н;Панель облицовки шахты;ГП2;И;4050.0;1295.0;5.24475;31673.674;67993.42;7120.0;;"ГП2, сторона И; 7/Е; Z +7.120…+8.415";35ec1042a12e3689e635fb45;inside;0.0
1323;ПП11н;Панель облицовки шахты;ГП2;И;4050.0;1295.0;5.24475;31673.674;67993.42;8435.0;;"ГП2, сторона И; 7/Е; Z +8.435…+9.730";3b1a868b51305241fc589378;inside;0.0
1324;ПП11н;Панель облицовки шахты;ГП2;И;4050.0;1295.0;5.24475;31673.674;67993.42;9750.0;;"ГП2, сторона И; 7/Е; Z +9.750…+11.045";f339a7d9c11476cf58061261;inside;0.0
1325;ПП11н;Панель облицовки шахты;ГП2;И;4050.0;1295.0;5.24475;31673.674;67993.42;11065.0;;"ГП2, сторона И; 7/Е; Z +11.065…+12.360";524a3fd9435535940e203dd4;inside;0.0
1326;ПП11н;Панель облицовки шахты;ГП2;И;4050.0;1295.0;5.24475;31673.674;67993.42;12380.0;;"ГП2, сторона И; 7/Е; Z +12.380…+13.675";11129136104d36e8e2c869e2;inside;0.0
1327;ПП11.2н;Панель облицовки шахты;ГП2;И;4050.0;1295.0;5.24475;31673.674;67993.42;13695.0;;"ГП2, сторона И; 7/Е; Z +13.695…+14.990";57d38ed2a5e2520937d379e4;inside;0.0
132A;ПП15.1н;Панель облицовки шахты;ГП2;И;4050.0;1300.0;5.265;31673.674;67993.42;19190.0;;"ГП2, сторона И; 7/Е; Z +19.190…+20.490";e5e9e9b910d3a576e13a7a5f;inside;0.0
132B;ПП15н;Панель облицовки шахты;ГП2;И;4050.0;1300.0;5.265;31673.674;67993.42;20510.0;;"ГП2, сторона И; 7/Е; Z +20.510…+21.810";3a127c59fa5af476d5e24885;inside;0.0
132C;ПП15н;Панель облицовки шахты;ГП2;И;4050.0;1300.0;5.265;31673.674;67993.42;21830.0;;"ГП2, сторона И; 7/Е; Z +21.830…+23.130";329d34611577d008c9db0b25;inside;0.0
132D;ПП15н;Панель облицовки шахты;ГП2;И;4050.0;1300.0;5.265;31673.674;67993.42;23150.0;;"ГП2, сторона И; 7/Е; Z +23.150…+24.450";845f9fe4672315434df86dff;inside;0.0
132E;ПП15.2н;Панель облицовки шахты;ГП2;И;4050.0;1300.0;5.265;31673.674;67993.42;24470.0;;"ГП2, сторона И; 7/Е; Z +24.470…+25.770";fff4ce16995cf9a97f27b9a5;inside;0.0
1331;ПП15.1н;Панель облицовки шахты;ГП2;И;4050.0;1300.0;5.265;31673.674;67993.42;29990.0;;"ГП2, сторона И; 7/Е; Z +29.990…+31.290";181dd968af57f21de5e07ff1;inside;0.0
133A;ПП1н;Панель облицовки шахты;ГП1;Б;400.0;4580.0;1.832;25498.676;73693.42;-110.0;;"ГП1, сторона Б; 5/Ж; Z -0.110…+4.470";d6a1833fc5731aa5969cd7cd;external_unique;80.876
133B;ПП2;Панель облицовки шахты;ГП1;Б;150.0;4580.0;0.687;29273.676;73693.42;-110.0;;"ГП1, сторона Б; 5/Ж; Z -0.110…+4.470";a8f435e9ecd820694bd76e86;external_unique;786.029
133C;ПП2;Панель облицовки шахты;ГП1;Г;150.0;4580.0;0.687;29273.682;67993.42;-110.0;;"ГП1, сторона Г; 5/Е; Z -0.110…+4.470";78b7e8031f7df585337b6e67;inside;0.0
133D;ПП1;Панель облицовки шахты;ГП1;Г;400.0;4580.0;1.832;25498.682;67993.42;-110.0;;"ГП1, сторона Г; 5/Е; Z -0.110…+4.470";f22573e3d47933aa7d40a841;external_unique;793.108
133E;ПП3н;Панель облицовки шахты;ГП1;Б;400.0;4160.0;1.664;25498.676;73693.42;15010.0;;"ГП1, сторона Б; 5/Ж; Z +15.010…+19.170";76c042425e429b0998237589;external_unique;16.249
133F;ПП4;Панель облицовки шахты;ГП1;Б;150.0;4160.0;0.624;29273.676;73693.42;15010.0;;"ГП1, сторона Б; 5/Ж; Z +15.010…+19.170";833dbf15e5911ee0704146d2;external_unique;799.767
1340;ПП3;Панель облицовки шахты;ГП1;Г;400.0;4160.0;1.664;25498.682;67993.42;15010.0;;"ГП1, сторона Г; 5/Е; Z +15.010…+19.170";81f741dbbe3bd5b2627fa053;external_unique;782.241
1341;ПП4;Панель облицовки шахты;ГП1;Г;150.0;4160.0;0.624;29273.682;67993.42;15010.0;;"ГП1, сторона Г; 5/Е; Z +15.010…+19.170";a382d4011178a171a3128659;external_unique;8.792
1342;ПП5н;Панель облицовки шахты;ГП1;Б;400.0;4180.0;1.672;25498.676;73693.42;25790.0;;"ГП1, сторона Б; 5/Ж; Z +25.790…+29.970";b65b98b61fb0d4e452398be8;external_unique;43.862
1343;ПП6;Панель облицовки шахты;ГП1;Б;150.0;4180.0;0.627;29273.676;73693.42;25790.0;;"ГП1, сторона Б; 5/Ж; Z +25.790…+29.970";e26d459629724d44aa211fbc;external_unique;830.72
1344;ПП6;Панель облицовки шахты;ГП1;Г;150.0;4180.0;0.627;29273.682;67993.42;25790.0;;"ГП1, сторона Г; 5/Е; Z +25.790…+29.970";8c23db910a8a5d6a924ca61d;external_unique;7.162
1345;ПП5;Панель облицовки шахты;ГП1;Г;400.0;4180.0;1.672;25498.682;67993.42;25790.0;;"ГП1, сторона Г; 5/Е; Z +25.790…+29.970";146ec5f7e6ea95dc4f6afb91;external_unique;793.967
1346;ПП2;Панель облицовки шахты;ГП2;Е;150.0;4580.0;0.687;29723.684;73693.42;-110.0;;"ГП2, сторона Е; 7/Ж; Z -0.110…+4.470";6d0e43d981fe26c246805672;external_unique;5.69
1347;ПП1;Панель облицовки шахты;ГП2;Е;400.0;4580.0;1.832;33498.684;73693.42;-110.0;;"ГП2, сторона Е; 7/Ж; Z -0.110…+4.470";3ca27b6004f8e4b1137a3399;external_unique;826.772
1348;ПП1н;Панель облицовки шахты;ГП2;И;400.0;4580.0;1.832;33498.674;67993.42;-110.0;;"ГП2, сторона И; 7/Е; Z -0.110…+4.470";ee174693e0386d8b6ef8f10e;external_unique;67.726
1349;ПП2;Панель облицовки шахты;ГП2;И;150.0;4580.0;0.687;29723.674;67993.42;-110.0;;"ГП2, сторона И; 7/Е; Z -0.110…+4.470";e2ef83317ea60a6e0c62c520;external_unique;829.375
134A;ПП4;Панель облицовки шахты;ГП2;Е;150.0;4160.0;0.624;29723.684;73693.42;15010.0;;"ГП2, сторона Е; 7/Ж; Z +15.010…+19.170";58f1a009f648df1796db41e0;external_unique;17.021
134B;ПП3;Панель облицовки шахты;ГП2;Е;400.0;4160.0;1.664;33498.684;73693.42;15010.0;;"ГП2, сторона Е; 7/Ж; Z +15.010…+19.170";6eec3882bcfa1843711c6fce;external_unique;860.099
134C;ПП3н;Панель облицовки шахты;ГП2;И;400.0;4160.0;1.664;33498.674;67993.42;15010.0;;"ГП2, сторона И; 7/Е; Z +15.010…+19.170";bb313a3a9385159920f380dc;external_unique;14.903
134D;ПП4;Панель облицовки шахты;ГП2;И;150.0;4160.0;0.624;29723.674;67993.42;15010.0;;"ГП2, сторона И; 7/Е; Z +15.010…+19.170";5a6a21f69c177fcf9976ba0a;external_unique;803.771
134E;ПП6;Панель облицовки шахты;ГП2;Е;150.0;4180.0;0.627;29723.684;73693.42;25790.0;;"ГП2, сторона Е; 7/Ж; Z +25.790…+29.970";5776645b9bfa3e6927111b9b;external_unique;3.538
134F;ПП5;Панель облицовки шахты;ГП2;Е;400.0;4180.0;1.672;33498.684;73693.42;25790.0;;"ГП2, сторона Е; 7/Ж; Z +25.790…+29.970";2f268191926a88f99862f4ee;external_unique;833.403
1350;ПП5н;Панель облицовки шахты;ГП2;И;400.002;4180.0;1.672008;33498.673;67993.42;25790.0;;"ГП2, сторона И; 7/Е; Z +25.790…+29.970";ca3c3bd6b5a6ede000af087b;external_unique;63.72
1351;ПП6;Панель облицовки шахты;ГП2;И;150.0;4180.0;0.627;29723.674;67993.42;25790.0;;"ГП2, сторона И; 7/Е; Z +25.790…+29.970";8f259ddae68e264303790bbc;external_unique;841.671
